<?xml version="1.0" encoding="UTF-8"?>
    <blackBoxModelConfig xmlns="http://www.openda.org"
        xmlns:xsi="http://www.w3.org/2001/XMLSchema-instance"
        xsi:schemaLocation="http://www.openda.org http://schemas.openda.org/blackBoxModelConfig.xsd">


   <!-- Specify wrapper configuration for which this model is defined -->
   <wrapperConfig>
      <file>D3DWrapper.xml</file>
   </wrapperConfig>

   <!-- Specify wrapper configuration for which this model is defined -->
   <aliasValues>
      <alias key="templateDir" value="../input_d3d"/>
      <alias key="instanceDir" value="../work/work"/>
      <alias key="runid" value="estuary"/>
      <!--
      <alias key="exedir" value="P:\1204257-dcsmzuno\modellen\DCSVv5_test_d3d\d3d\"/>
      -->
      <alias key="exedir" value="c:\Program Files (x86)\Deltares\Delft3D 4.01.00.rc.09\win32\flow2d3d\bin"/>
      <alias key="linexedir" value="/opt/delft3d_v4/intel/flow/bin/"/>
</aliasValues>

<!--  --><!-- Specify the time interval  NOTE one hour difference!!!!, openDA error!!!--><!--
    <timeInfo start="2004-01-01T00:00:00" end="2004-01-01T12:00:00" />
-->
   <exchangeItems>

     <vector id="depth" ioObjectId="depth"></vector>
     <vector id="roughness-u" ioObjectId="roughness" elementId="roughness-u"></vector>
     <vector id="M2.Amplitude" ioObjectId="astro-components" elementId="downstream.M2.Amplitude" />
     <vector id="M2.Phase" ioObjectId="astro-components" elementId="downstream.M2.Phase" />
     <vector id="S2.Amplitude" ioObjectId="astro-components" elementId="downstream.S2.Amplitude" />
     <vector id="S2.Phase" ioObjectId="astro-components" elementId="downstream.S2.Phase" />
 
        
<!--        <vector id="roughness-v" ioObjectId="roughness" elementId="roughness-v"></vector>
-->
      <vector id="station01.waterlevel" ioObjectId="trih-file" elementId="station01.water level"/>
      <vector id="station02.waterlevel" ioObjectId="trih-file" elementId="station02.water level"/>
      <vector id="station03.waterlevel" ioObjectId="trih-file" elementId="station03.water level"/>

    </exchangeItems>

   <doCleanUp>false</doCleanUp>

</blackBoxModelConfig>
