<?xml version="1.0" encoding="UTF-8"?>
<blackBoxWrapperConfig xmlns="http://www.openda.org"
                       xmlns:xsi="http://www.w3.org/2001/XMLSchema-instance"
                       xsi:schemaLocation="http://www.openda.org http://schemas.openda.org/blackBoxWrapperConfig.xsd">

<!-- declare all the used aliases, specify the prefix and suffix of an alias key in a variable  -->
   <aliasDefinitions defaultKeyPrefix="%" defaultKeySuffix="%" >
      <alias key="D3D_HOME" />
      <alias key="OPENDA_BINDIR"/>
      <alias key="instanceDir"/>
      <alias key="templateDir" />
      <alias key="runid"/>
      <!--
      <alias key="roughness"/>
      -->
      <alias key="exedir"/>
      <alias key="linexedir"/>
    </aliasDefinitions>

   <run>
      <!-- for each model instance, the template directory will be cloned to create the instance directory -->
      <initializeActionsUsingDirClone instanceDir="%instanceDir%%instanceNumber%" templateDir="%templateDir%"/>

      <!-- computation actions -->
      <!-- define actions relative to working dir. -->
      <computeActions>
         <action workingDirectory="%instanceDir%" windowsExe="%exedir%\d_hydro.exe" linuxExe="%linexedir%/deltares_hydro.exe">
            <arg>config_flow2d3d.xml</arg>
         </action>
      </computeActions>

      <finalizeActions/>
   </run>

   <inputOutput>

      <!-- u/v rougness -->
      <ioObject className="nl.deltares.openda.models.d3dflow.D3dField2DFile">
         <file>%runid%.mdf</file>
         <id>roughness</id>
         <arg>rgh</arg>
      </ioObject>

      <!-- depth -->
      <ioObject className="nl.deltares.openda.models.d3dflow.D3dField2DFile">
         <file>%runid%.mdf</file>
         <id>depth</id>
         <arg>dep</arg>
      </ioObject>
   
      <!-- astro -->
      <ioObject className="nl.deltares.openda.models.d3dflow.D3dAstroComponentFiles">
         <file>%runid%.mdf</file>
         <id>astro-components</id>
      </ioObject>

      <!-- time series results -->
      <ioObject className="nl.deltares.openda.models.d3dflow.D3dResults">
         <file>trih-%runid%.dat</file>
         <id>trih-file</id>
         <arg>%OPENDA_BINDIR%</arg>
      </ioObject>
   </inputOutput>

</blackBoxWrapperConfig>
